,Real,Prediccion
Hoy,"$8,037.54","$8,384.44"
1,"$8,192.49","$8,464.26"
2,"$8,144.19","$8,544.43"
3,"$8,827.76","$8,600.21"
4,"$8,807.01","$8,723.67"
5,"$8,723.79","$8,855.14"
6,"$8,929.04","$8,965.36"
7,"$8,942.81","$9,079.11"
8,"$8,706.25","$9,185.83"
9,"$8,657.64","$9,250.36"
10,"$8,745.89","$9,278.53"
11,"$8,680.88","$9,299.51"
12,"$8,406.52","$9,300.71"
13,"$8,445.43","$9,261.35"
14,"$8,367.85","$9,205.89"
15,"$8,596.83","$9,144.55"
16,"$8,909.82","$9,116.29"
17,"$9,358.59","$9,138.49"
18,"$9,316.63","$9,236.64"
19,"$9,508.99","$9,355.62"
20,"$9,350.53","$9,497.40"
21,"$9,392.88","$9,612.36"
22,"$9,344.37","$9,711.74"
23,"$9,293.52","$9,787.27"
24,"$9,180.96","$9,832.81"
25,"$9,613.42","$9,845.36"
26,"$9,729.80","$9,889.62"
27,"$9,795.94","$9,949.74"
28,"$9,865.12","$10,017.48"
29,"$10,116.67","$10,095.62"
30,"$9,856.61","$10,198.35"
31,"$10,208.24","$10,270.76"
32,"$10,326.05","$10,366.36"
33,"$10,214.38","$10,471.55"
34,"$10,312.12","$10,555.38"
35,"$9,889.42","$10,634.23"
36,"$9,934.43","$10,641.44"
37,"$9,690.14","$10,627.69"
38,"$10,142.00","$10,572.10"
39,"$9,633.39","$10,560.07"
40,"$9,608.48","$10,497.50"
41,"$9,686.44","$10,429.26"
42,"$9,663.18","$10,366.96"
43,"$9,924.52","$10,312.33"
44,"$9,650.17","$10,302.96"
45,"$9,341.71","$10,277.63"
46,"$8,820.52","$10,221.47"
47,"$8,784.49","$10,091.74"
48,"$8,672.46","$9,944.88"
49,"$8,599.51","$9,781.46"
50,"$8,562.45","$9,629.93"
51,"$8,869.67","$9,491.66"
52,"$8,787.79","$9,411.65"
53,"$8,755.25","$9,356.53"
54,"$9,078.76","$9,316.67"
55,"$9,122.55","$9,335.79"
56,"$8,909.95","$9,384.19"
57,"$8,108.12","$9,420.30"
58,"$7,923.64","$9,348.10"
59,"$7,909.73","$9,219.60"
60,"$7,911.43","$9,072.90"
61,"$4,970.79","$8,930.15"
62,"$5,563.71","$8,447.43"
63,"$5,200.37","$7,966.81"
64,"$5,392.31","$7,472.62"
65,"$5,014.48","$7,047.63"
66,"$5,225.63","$6,658.43"
67,"$5,238.44","$6,364.84"
68,"$6,191.19","$6,158.26"
69,"$6,198.78","$6,125.70"
70,"$6,185.07","$6,174.73"
71,"$5,830.25","$6,265.21"
72,"$6,416.31","$6,364.35"
73,"$6,734.80","$6,491.07"
74,"$6,681.06","$6,657.10"
75,"$6,716.44","$6,809.53"
76,"$6,469.80","$6,951.46"
77,"$6,242.19","$7,035.88"
78,"$5,922.04","$7,060.04"
79,"$6,429.84","$7,003.36"
80,"$6,438.64","$6,984.63"
81,"$6,606.78","$6,978.85"
82,"$6,793.62","$7,005.14"
83,"$6,733.39","$7,054.17"
84,"$6,867.53","$7,103.88"
85,"$6,791.13","$7,171.18"
86,"$7,271.78","$7,228.73"
87,"$7,176.41","$7,337.15"
88,"$7,334.10","$7,441.15"
89,"$7,302.09","$7,554.52"
90,"$6,865.49","$7,644.46"
91,"$6,859.08","$7,667.20"
92,"$6,971.09","$7,656.67"
93,"$6,845.04","$7,640.92"
94,"$6,842.43","$7,609.10"
95,"$6,642.11","$7,571.63"
96,"$7,116.80","$7,513.27"
97,"$7,096.18","$7,503.19"
98,"$7,257.67","$7,515.18"
99,"$7,189.42","$7,555.94"
100,"$6,881.96","$7,599.65"
101,"$6,880.32","$7,610.66"
102,"$7,117.21","$7,603.37"
103,"$7,429.72","$7,612.74"
104,"$7,550.90","$7,665.20"
105,"$7,569.94","$7,743.00"
106,"$7,679.87","$7,829.64"
107,"$7,795.60","$7,917.57"
108,"$7,807.06","$8,014.91"
109,"$8,801.04","$8,104.64"
110,"$8,658.55","$8,302.79"
111,"$8,864.77","$8,505.32"
112,"$8,988.60","$8,715.76"
113,"$8,897.47","$8,916.66"
114,"$8,912.65","$9,077.58"
115,"$9,003.07","$9,206.14"
116,"$9,268.76","$9,314.93"
117,"$9,951.52","$9,430.34"
118,"$9,842.67","$9,614.34"
119,"$9,593.90","$9,790.33"
120,"$8,756.43","$9,906.45"
121,"$8,601.80","$9,894.43"
122,"$8,804.48","$9,808.61"
123,"$9,269.99","$9,717.55"
124,"$9,733.72","$9,686.11"
125,"$9,328.20","$9,735.39"
126,"$9,377.01","$9,764.64"
127,"$9,670.74","$9,794.64"
128,"$9,726.58","$9,851.70"
129,"$9,729.04","$9,927.57"
130,"$9,522.98","$10,007.49"
131,"$9,081.76","$10,062.87"
132,"$9,182.58","$10,041.59"
133,"$9,209.29","$9,997.72"
134,"$8,790.37","$9,942.50"
135,"$8,906.93","$9,835.24"
136,"$8,835.05","$9,744.00"
137,"$9,181.02","$9,653.18"
138,"$9,525.75","$9,613.06"
139,"$9,439.12","$9,641.92"
140,"$9,700.41","$9,689.42"
141,"$9,461.06","$9,779.81"
142,"$10,167.27","$9,852.25"
143,"$9,529.80","$9,993.40"
144,"$9,656.72","$10,064.38"
145,"$9,800.64","$10,126.04"
146,"$9,665.53","$10,183.02"
147,"$9,653.68","$10,213.70"
148,"$9,758.85","$10,223.73"
149,"$9,771.49","$10,234.21"
150,"$9,795.70","$10,247.77"
151,"$9,870.09","$10,260.58"
152,"$9,321.78","$10,285.96"
153,"$9,480.84","$10,236.35"
154,"$9,475.28","$10,198.25"
155,"$9,386.79","$10,155.72"
156,"$9,450.70","$10,104.46"
157,"$9,538.02","$10,066.62"
158,"$9,480.25","$10,047.61"
159,"$9,411.84","$10,030.77"
160,"$9,288.02","$10,011.31"
161,"$9,332.34","$9,978.82"
162,"$9,303.63","$9,950.12"
163,"$9,648.72","$9,928.63"
164,"$9,629.66","$9,947.88"
165,"$9,313.61","$9,979.28"
166,"$9,264.81","$9,977.89"
167,"$9,162.92","$9,958.26"
168,"$9,045.39","$9,918.34"
169,"$9,143.58","$9,860.75"
170,"$9,190.85","$9,813.68"
171,"$9,137.99","$9,780.88"
172,"$9,228.33","$9,750.05"
173,"$9,123.41","$9,736.68"
174,"$9,087.30","$9,715.36"
175,"$9,132.49","$9,694.50"
176,"$9,073.94","$9,685.57"
177,"$9,375.47","$9,672.79"
178,"$9,252.28","$9,697.85"
179,"$9,428.33","$9,719.38"
180,"$9,277.97","$9,759.24"
181,"$9,278.81","$9,783.29"
182,"$9,240.35","$9,801.28"
183,"$9,276.50","$9,807.41"
184,"$9,243.61","$9,813.80"
185,"$9,243.21","$9,813.80"
186,"$9,192.84","$9,810.02"
187,"$9,132.23","$9,799.45"
188,"$9,151.39","$9,775.90"
189,"$9,159.04","$9,756.10"
190,"$9,185.82","$9,737.33"
191,"$9,164.23","$9,727.93"
192,"$9,374.89","$9,719.72"
193,"$9,525.36","$9,739.67"
194,"$9,581.07","$9,785.81"
195,"$9,536.89","$9,846.42"
196,"$9,677.11","$9,902.31"
197,"$9,905.17","$9,968.78"
198,"$10,990.87","$10,058.89"
199,"$10,912.82","$10,279.78"
200,"$11,100.47","$10,516.40"
201,"$11,111.21","$10,764.85"
202,"$11,323.47","$10,991.88"
203,"$11,759.59","$11,207.45"
204,"$11,053.61","$11,443.97"
205,"$11,246.35","$11,570.68"
206,"$11,205.89","$11,666.71"
207,"$11,747.02","$11,721.71"
208,"$11,779.77","$11,815.47"
209,"$11,601.47","$11,901.97"
210,"$11,754.05","$11,967.17"
211,"$11,675.74","$12,034.65"
212,"$11,878.11","$12,084.38"
213,"$11,410.53","$12,144.52"
214,"$11,584.93","$12,138.25"
215,"$11,784.14","$12,142.56"
216,"$11,768.87","$12,161.08"
217,"$11,865.70","$12,181.37"
218,"$11,892.80","$12,207.22"
219,"$12,254.40","$12,240.33"
220,"$11,991.23","$12,321.16"
221,"$11,758.28","$12,374.40"
222,"$11,878.37","$12,388.11"
223,"$11,592.49","$12,395.84"
224,"$11,681.83","$12,367.15"
225,"$11,664.85","$12,332.60"
226,"$11,774.60","$12,292.86"
227,"$11,366.13","$12,271.00"
228,"$11,488.36","$12,206.22"
229,"$11,323.40","$12,151.25"
230,"$11,542.50","$12,079.14"
231,"$11,506.87","$12,043.77"
232,"$11,711.51","$12,021.48"
233,"$11,680.82","$12,031.82"
234,"$11,970.48","$12,054.67"
235,"$11,414.03","$12,115.45"
236,"$10,245.30","$12,115.49"
237,"$10,511.81","$11,950.11"
238,"$10,169.57","$11,777.39"
239,"$10,280.35","$11,559.64"
240,"$10,369.56","$11,364.88"
241,"$10,131.52","$11,205.73"
242,"$10,242.35","$11,054.30"
243,"$10,363.14","$10,940.18"
244,"$10,400.92","$10,873.16"
245,"$10,442.17","$10,838.11"
246,"$10,323.76","$10,838.84"
247,"$10,680.84","$10,850.58"
248,"$10,796.95","$10,897.79"
249,"$10,974.91","$10,972.09"
250,"$10,948.99","$11,068.59"
251,"$10,944.59","$11,160.69"
252,"$11,094.35","$11,245.12"
253,"$10,938.27","$11,331.19"
254,"$10,462.26","$11,386.13"
255,"$10,538.46","$11,364.33"
256,"$10,246.19","$11,322.89"
257,"$10,760.07","$11,237.07"
258,"$10,692.72","$11,200.67"
259,"$10,750.72","$11,176.37"
260,"$10,775.27","$11,170.79"
261,"$10,709.65","$11,180.25"
262,"$10,844.64","$11,188.50"
263,"$10,784.49","$11,212.11"
264,"$10,619.45","$11,234.49"
265,"$10,575.97","$11,238.71"
266,"$10,549.33","$11,224.58"
267,"$10,669.58","$11,202.99"
268,"$10,793.34","$11,185.71"
269,"$10,604.41","$11,191.46"
270,"$10,668.97","$11,181.90"
271,"$10,915.69","$11,178.27"
272,"$11,064.46","$11,207.82"
273,"$11,296.36","$11,263.01"
274,"$11,384.18","$11,354.74"
275,"$11,555.36","$11,464.11"
276,"$11,425.90","$11,590.33"
277,"$11,429.51","$11,692.65"
278,"$11,495.35","$11,773.64"
279,"$11,322.12","$11,842.20"
280,"$11,358.10","$11,876.83"
281,"$11,483.36","$11,894.93"
282,"$11,742.04","$11,914.05"
283,"$11,916.33","$11,961.90"
284,"$12,823.69","$12,035.38"
285,"$12,965.89","$12,226.87"
286,"$12,931.54","$12,458.72"
287,"$13,108.06","$12,687.10"
288,"$13,031.17","$12,912.26"
289,"$13,075.25","$13,097.34"
290,"$13,654.22","$13,251.44"
291,"$13,271.29","$13,441.42"
292,"$13,437.88","$13,566.36"
293,"$13,546.52","$13,673.57"
294,"$13,781.00","$13,768.90"
295,"$13,737.11","$13,867.21"
296,"$13,550.49","$13,953.99"
297,"$13,950.30","$14,005.44"
298,"$14,133.71","$14,085.54"
299,"$15,579.85","$14,187.69"
300,"$15,565.88","$14,470.68"
301,"$14,833.75","$14,778.13"
302,"$15,479.57","$14,988.36"
303,"$15,332.32","$15,220.87"
304,"$15,290.90","$15,402.69"
305,"$15,701.34","$15,536.55"
306,"$16,276.34","$15,686.36"
307,"$16,317.81","$15,892.63"
308,"$16,068.14","$16,091.99"
309,"$15,955.59","$16,237.22"
310,"$16,716.11","$16,317.81"
311,"$17,645.41","$16,471.72"
312,"$17,804.01","$16,755.34"
313,"$17,817.09","$17,061.94"
314,"$18,621.31","$17,357.73"
315,"$18,642.23","$17,721.48"
316,"$18,370.00","$18,058.21"
317,"$18,364.12","$18,309.18"
318,"$19,107.46","$18,499.82"
319,"$18,732.12","$18,737.38"
320,"$17,150.62","$18,899.85"
321,"$17,108.40","$18,799.02"
322,"$17,717.41","$18,606.76"
323,"$18,177.48","$18,468.27"
324,"$19,625.84","$18,415.83"
325,"$18,803.00","$18,588.21"
326,"$19,201.09","$18,721.96"
327,"$19,445.40","$18,908.10"
328,"$18,699.77","$19,118.53"
329,"$19,154.23","$19,207.38"
330,"$19,345.12","$19,316.97"
331,"$19,191.63","$19,445.25"
332,"$18,321.14","$19,528.03"
333,"$18,553.92","$19,459.72"
334,"$18,264.99","$19,376.18"
335,"$18,058.90","$19,234.80"
336,"$18,803.66","$19,081.71"
337,"$19,142.38","$19,030.54"
338,"$19,246.64","$19,063.11"
339,"$19,417.08","$19,153.89"
340,"$21,310.60","$19,276.29"
341,"$22,805.16","$19,655.05"
342,"$23,137.96","$20,280.10"
343,"$23,869.83","$20,985.34"
344,"$23,477.29","$21,743.37"
345,"$22,803.08","$22,377.65"
346,"$23,783.03","$22,797.73"
347,"$23,241.35","$23,202.55"
348,"$23,735.95","$23,446.42"
349,"$24,664.79","$23,668.49"
350,"$26,437.04","$23,961.70"
351,"$26,272.29","$24,461.89"
352,"$27,084.81","$24,944.22"
353,"$27,362.44","$25,504.83"
354,"$28,840.95","$26,053.74"
355,"$29,001.72","$26,749.67"
356,"$29,374.15","$27,419.47"
357,"$32,127.27","$28,040.42"
358,"$32,782.02","$28,962.02"
359,"$31,971.91","$29,923.65"
360,"$33,992.43","$30,666.14"
361,"$36,824.36","$31,534.83"
362,"$39,371.04","$32,721.37"
363,"$40,797.61","$34,208.68"
364,"$40,254.55","$35,815.68"
365,"$38,356.44","$37,164.97"
366,"$35,566.66","$37,975.93"
367,"$33,922.96","$38,063.62"
368,"$37,316.36","$37,610.80"
369,"$39,187.33","$37,510.09"
370,"$36,825.37","$37,725.20"
371,"$36,178.14","$37,638.25"
372,"$35,791.28","$37,425.94"
373,"$36,630.07","$37,136.47"
374,"$36,069.80","$36,990.70"
375,"$35,547.75","$36,826.08"
376,"$30,825.70","$36,630.56"
377,"$33,005.76","$35,754.00"
378,"$32,067.64","$35,143.32"
379,"$32,289.38","$34,437.19"
380,"$32,366.39","$33,861.24"
381,"$32,569.85","$33,444.81"
382,"$30,432.55","$33,174.67"
383,"$33,466.10","$32,688.17"
384,"$34,316.39","$32,673.80"
385,"$34,269.52","$32,907.95"
386,"$33,114.36","$33,223.86"
387,"$33,537.18","$33,413.92"
388,"$35,510.29","$33,574.61"
389,"$37,472.09","$33,993.95"
390,"$36,926.07","$34,703.70"
391,"$38,144.31","$35,334.05"
392,"$39,266.01","$36,069.75"
393,"$38,903.44","$36,905.84"
394,"$46,196.46","$37,563.74"
395,"$46,481.11","$39,208.61"
396,"$44,918.18","$40,902.27"
397,"$47,909.33","$42,218.04"
398,"$47,504.85","$43,715.54"
399,"$47,105.52","$44,901.24"
400,"$48,717.29","$45,761.25"
401,"$47,945.06","$46,637.21"
402,"$49,199.87","$47,193.71"
403,"$52,149.01","$47,769.40"
404,"$51,679.80","$48,692.11"
405,"$55,888.13","$49,426.11"
406,"$56,099.52","$50,747.28"
407,"$57,539.95","$52,024.69"
408,"$54,207.32","$53,358.58"
409,"$48,824.43","$53,954.58"
410,"$49,705.33","$53,415.64"
411,"$47,093.85","$52,778.28"
412,"$46,339.76","$51,649.44"
413,"$46,188.45","$50,421.70"
414,"$45,137.77","$49,277.41"
415,"$49,631.24","$48,159.25"
416,"$48,378.99","$47,942.99"
417,"$50,538.24","$47,793.40"
418,"$48,561.17","$48,147.32"
419,"$48,927.30","$48,307.94"
420,"$48,912.38","$48,536.74"
421,"$51,206.69","$48,702.15"
422,"$52,246.52","$49,202.09"
423,"$54,824.12","$49,844.72"
424,"$56,008.55","$50,857.34"
425,"$57,805.12","$52,002.43"
426,"$57,332.09","$53,302.55"
427,"$61,243.09","$54,388.33"
428,"$59,302.32","$55,901.15"
429,"$55,907.20","$56,915.56"
430,"$56,804.90","$57,116.45"
431,"$58,870.89","$57,211.91"
432,"$57,858.92","$57,488.27"
433,"$58,346.65","$57,541.66"
434,"$58,313.64","$57,630.75"
435,"$57,523.42","$57,692.85"
436,"$54,529.14","$57,609.43"
437,"$54,738.95","$57,023.05"
438,"$52,774.27","$56,449.10"
439,"$51,704.16","$55,610.41"
440,"$55,137.31","$54,678.26"
441,"$55,973.51","$54,397.95"
442,"$55,950.75","$54,409.22"
443,"$57,750.20","$54,562.11"
444,"$58,917.69","$55,072.22"
445,"$58,918.83","$55,798.29"
446,"$59,095.81","$56,499.40"
447,"$59,384.31","$57,147.91"
448,"$57,603.89","$57,711.32"
449,"$58,758.55","$57,855.38"
450,"$59,057.88","$58,058.77"
451,"$58,192.36","$58,213.90"
452,"$56,048.94","$58,185.74"
453,"$58,323.95","$57,769.61"
454,"$58,245.00","$57,701.17"
455,"$59,793.23","$57,652.36"
456,"$60,204.96","$57,906.68"
457,"$59,893.45","$58,260.44"
458,"$63,503.46","$58,560.50"
459,"$63,109.70","$59,427.90"
460,"$63,314.01","$60,179.13"
461,"$61,572.79","$60,873.88"
462,"$60,683.82","$61,150.36"
463,"$56,216.18","$61,139.98"
464,"$55,724.27","$60,257.93"
465,"$56,473.03","$59,239.86"
466,"$53,906.09","$58,381.43"
467,"$51,762.27","$57,231.82"
468,"$51,093.65","$55,884.53"
469,"$50,050.87","$54,586.12"
470,"$49,004.25","$53,335.41"
471,"$54,021.75","$52,142.41"
472,"$55,033.12","$51,994.93"
473,"$54,824.70","$52,270.72"
474,"$53,555.11","$52,698.45"
475,"$57,750.18","$52,950.89"
476,"$57,828.05","$53,838.29"
477,"$56,631.08","$54,723.14"
478,"$57,200.29","$55,324.59"
479,"$53,333.54","$55,862.25"
480,"$57,424.01","$55,617.49"
481,"$56,396.52","$55,902.81"
482,"$57,356.40","$55,955.97"
483,"$58,803.78","$56,159.02"
484,"$58,232.32","$56,594.21"
485,"$55,859.80","$56,924.76"
486,"$56,704.57","$56,798.03"
487,"$49,150.54","$56,752.72"
488,"$49,716.19","$55,438.21"
489,"$49,880.54","$54,180.46"
490,"$46,760.19","$53,036.07"
491,"$46,456.06","$51,536.60"
492,"$43,537.51","$50,188.79"
493,"$42,909.40","$48,591.64"
494,"$37,002.44","$47,115.44"
495,"$40,782.74","$44,962.31"
496,"$37,304.69","$43,620.08"
497,"$37,536.63","$42,049.47"
498,"$34,770.58","$40,822.33"
499,"$38,705.98","$39,407.08"
500,"$38,402.22","$38,796.63"
501,"$39,294.20","$38,443.12"
502,"$38,436.97","$38,427.82"
503,"$35,697.61","$38,438.09"
504,"$34,616.07","$38,076.25"
505,"$35,678.13","$37,550.02"
506,"$37,332.86","$37,123.82"
507,"$36,684.93","$37,038.20"
508,"$37,575.18","$36,946.54"
509,"$39,208.77","$37,055.93"
510,"$36,894.41","$37,419.20"
511,"$35,551.96","$37,488.29"
512,"$35,862.38","$37,302.31"
513,"$33,560.71","$37,110.49"
514,"$33,472.63","$36,575.04"
515,"$37,345.12","$35,996.90"
516,"$36,702.60","$36,014.68"
517,"$37,334.40","$36,070.67"
518,"$35,552.52","$36,307.55"
519,"$39,097.86","$36,305.39"
520,"$40,218.48","$36,795.73"
521,"$40,406.27","$37,518.25"
522,"$38,347.06","$38,271.68"
523,"$38,053.50","$38,627.76"
524,"$35,787.25","$38,801.73"
525,"$35,615.87","$38,494.76"
526,"$35,698.30","$38,022.88"
527,"$31,676.69","$37,553.46"
528,"$32,505.66","$36,515.31"
529,"$33,723.03","$35,620.72"
530,"$34,662.44","$34,983.60"
531,"$31,637.78","$34,663.51"
532,"$32,186.28","$34,073.60"
533,"$34,649.64","$33,645.65"
534,"$34,434.34","$33,661.72"
535,"$35,867.78","$33,789.82"
536,"$35,040.84","$34,185.48"
537,"$33,572.12","$34,493.36"
538,"$33,897.05","$34,573.52"
539,"$34,668.55","$34,593.58"
540,"$35,287.78","$34,668.95"
541,"$33,746.00","$34,828.04"
542,"$34,235.20","$34,787.20"
543,"$33,855.33","$34,761.25"
544,"$32,877.37","$34,646.80"
545,"$33,798.01","$34,392.81"
546,"$33,520.52","$34,260.41"
547,"$34,240.19","$34,136.34"
548,"$33,155.85","$34,157.95"
549,"$32,702.03","$34,046.67"
550,"$32,822.35","$33,859.80"
551,"$31,780.73","$33,687.81"
552,"$31,421.54","$33,395.61"
553,"$31,533.07","$33,049.23"
554,"$31,796.81","$32,744.75"
555,"$30,817.83","$32,531.11"
556,"$29,807.35","$32,221.03"
557,"$32,110.69","$31,799.42"
558,"$32,313.11","$31,732.77"
559,"$33,581.55","$31,803.60"
560,"$34,292.45","$32,125.93"
561,"$35,350.19","$32,597.21"
562,"$37,337.54","$33,239.07"
563,"$39,406.94","$34,149.91"
564,"$39,995.91","$35,329.80"
565,"$40,008.42","$36,529.66"
566,"$42,235.55","$37,599.74"
567,"$41,626.20","$38,818.63"
568,"$39,974.89","$39,754.85"
569,"$39,201.95","$40,235.79"
570,"$38,152.98","$40,369.14"
571,"$39,747.50","$40,171.37"
572,"$40,869.55","$40,108.11"
573,"$42,816.50","$40,204.47"
574,"$44,555.80","$40,632.71"
575,"$43,798.12","$41,382.80"
576,"$46,365.40","$42,033.21"
577,"$45,585.03","$42,996.19"
578,"$45,593.64","$43,778.11"
579,"$44,428.29","$44,435.34"
580,"$47,793.32","$44,752.12"
581,"$47,096.95","$45,441.24"
582,"$47,047.00","$45,933.50"
583,"$46,004.48","$46,320.55"
584,"$44,695.36","$46,437.59"
585,"$44,801.19","$46,251.11"
586,"$46,717.58","$46,019.88"
587,"$49,339.18","$46,062.19"
588,"$48,905.49","$46,576.30"
589,"$49,321.65","$47,079.38"
590,"$49,546.15","$47,632.98"
591,"$47,706.12","$48,138.41"
592,"$48,960.79","$48,280.37"
593,"$46,942.22","$48,514.50"
594,"$49,058.67","$48,365.78"
595,"$48,902.40","$48,490.13"
596,"$48,829.83","$48,574.78"
597,"$47,054.98","$48,633.08"
598,"$47,166.69","$48,391.40"
599,"$48,847.03","$48,154.83"
600,"$49,327.72","$48,192.98"
601,"$50,025.38","$48,357.09"
602,"$49,944.62","$48,675.41"
603,"$51,753.41","$48,974.48"
604,"$52,633.54","$49,545.27"
605,"$46,811.13","$50,211.91"
606,"$46,091.39","$49,888.18"
607,"$46,391.42","$49,305.44"
608,"$44,883.91","$48,703.73"
609,"$45,201.46","$47,882.30"
610,"$46,063.27","$47,170.27"
611,"$44,963.07","$46,712.88"
612,"$47,092.49","$46,223.31"
613,"$48,176.35","$46,183.69"
614,"$47,783.36","$46,429.42"
615,"$47,267.52","$46,703.24"
616,"$48,278.36","$46,940.75"
617,"$47,260.22","$47,284.76"
618,"$42,843.80","$47,417.50"
619,"$40,693.68","$46,790.64"
620,"$43,574.51","$45,720.57"
621,"$44,895.10","$45,074.99"
622,"$42,839.75","$44,768.63"
623,"$42,716.59","$44,287.55"
624,"$43,208.54","$43,880.40"
625,"$42,235.73","$43,638.69"
626,"$41,034.54","$43,334.42"
627,"$41,564.36","$42,892.45"
628,"$43,790.89","$42,579.52"
629,"$48,116.94","$42,696.32"
630,"$47,711.49","$43,573.50"
631,"$48,199.95","$44,456.54"
632,"$49,112.90","$45,384.20"
633,"$51,514.81","$46,365.70"
634,"$55,361.45","$47,585.29"
635,"$53,805.98","$49,278.34"
636,"$53,967.85","$50,583.59"
637,"$54,968.22","$51,665.32"
638,"$54,771.58","$52,630.60"
639,"$57,484.79","$53,321.66"
640,"$56,041.06","$54,245.35"
641,"$57,401.10","$54,806.71"
642,"$57,321.52","$55,435.88"
643,"$61,593.95","$55,916.60"
644,"$60,892.18","$56,979.34"
645,"$61,553.62","$57,842.62"
646,"$62,026.08","$58,710.02"
647,"$64,261.99","$59,497.70"
648,"$65,992.84","$60,494.53"
649,"$62,210.17","$61,635.16"
650,"$60,692.27","$61,973.80"
651,"$61,393.62","$61,875.47"
652,"$60,930.84","$61,735.06"
653,"$63,039.82","$61,454.25"
654,"$60,363.79","$61,513.89"
655,"$58,482.39","$61,171.28"
656,"$60,622.14","$60,535.02"
657,"$62,227.96","$60,282.06"
658,"$61,888.83","$60,368.22"
659,"$61,318.96","$60,487.44"
660,"$61,004.41","$60,568.31"
661,"$63,226.40","$60,587.74"
662,"$62,970.05","$60,952.21"
663,"$61,452.23","$61,266.64"
664,"$61,125.68","$61,292.48"
665,"$61,527.48","$61,223.08"
666,"$63,326.99","$61,177.92"
667,"$67,566.83","$61,408.69"
668,"$66,971.83","$62,360.11"
669,"$64,995.23","$63,219.16"
670,"$64,949.96","$63,667.60"
671,"$64,155.94","$63,965.31"
672,"$64,469.53","$63,993.57"
673,"$65,466.84","$63,993.57"
674,"$63,557.87","$64,118.93"
675,"$60,161.25","$63,898.12"
676,"$60,368.01","$63,084.26"
677,"$56,942.14","$62,305.50"
678,"$58,119.58","$61,016.38"
679,"$59,697.20","$60,061.96"
680,"$58,730.48","$59,549.51"
681,"$56,289.29","$59,067.21"
682,"$57,569.07","$58,332.11"
683,"$56,280.43","$57,912.04"
684,"$57,274.68","$57,390.71"
685,"$53,569.77","$57,146.90"
686,"$54,815.08","$56,391.24"
687,"$57,248.46","$55,888.18"
688,"$57,806.57","$55,877.73"
689,"$57,005.43","$56,058.11"
690,"$57,229.83","$56,174.92"
691,"$56,477.82","$56,349.06"
692,"$53,598.25","$56,390.54"
693,"$49,200.70","$55,914.71"
694,"$49,368.85","$54,683.82"
695,"$50,582.62","$53,469.11"
696,"$50,700.09","$52,565.88"
697,"$50,504.80","$51,852.12"
698,"$47,672.12","$51,292.64"
699,"$47,243.30","$50,447.88"
700,"$49,362.51","$49,655.13"
701,"$50,098.34","$49,321.16"
702,"$46,737.48","$49,266.84"
703,"$46,612.63","$48,810.30"
704,"$48,896.72","$48,373.05"
705,"$47,665.43","$48,316.51"
706,"$46,202.14","$48,136.94"
707,"$46,848.78","$47,773.66"
708,"$46,707.02","$47,534.40"
709,"$46,880.28","$47,328.64"
710,"$48,936.61","$47,188.34"
711,"$48,628.51","$47,405.09"
712,"$50,784.54","$47,636.01"
713,"$50,822.20","$48,244.12"
714,"$50,429.86","$48,845.91"
715,"$50,809.52","$49,315.12"
716,"$50,640.42","$49,763.00"
717,"$47,588.86","$50,092.85"
718,"$46,444.71","$49,828.80"
719,"$47,178.12","$49,275.57"
720,"$46,306.45","$48,790.32"
721,"$47,686.81","$48,197.26"
722,"$47,345.22","$47,903.56"
723,"$46,458.12","$47,653.48"
724,"$45,897.57","$47,357.64"
725,"$43,569.00","$47,033.08"
726,"$43,160.93","$46,382.87"
727,"$41,557.90","$45,699.33"
728,"$41,733.94","$44,840.39"
729,"$41,911.60","$44,083.12"
730,"$41,821.26","$43,461.29"
731,"$42,735.86","$42,968.38"
732,"$43,949.10","$42,738.11"
733,"$42,591.57","$42,827.59"
734,"$43,099.70","$42,813.28"
735,"$43,177.40","$42,902.60"
736,"$43,113.88","$43,022.58"
737,"$42,250.55","$43,120.72"
738,"$42,375.63","$43,069.86"
739,"$41,744.33","$42,997.02"
740,"$40,680.42","$42,809.45"
741,"$36,457.32","$42,451.02"
742,"$35,030.25","$41,432.84"
743,"$36,276.80","$40,172.07"
744,"$36,654.33","$39,171.67"
745,"$36,954.00","$38,392.24"
746,"$36,852.12","$37,856.55"
747,"$37,138.23","$37,486.83"
748,"$37,784.33","$37,304.66"
749,"$38,138.18","$37,322.77"
750,"$37,917.60","$37,478.18"
751,"$38,483.12","$37,647.30"
752,"$38,743.27","$37,921.55"
753,"$36,952.98","$38,208.04"
754,"$37,154.60","$38,167.84"
755,"$41,500.88","$38,082.97"
756,"$41,441.16","$38,625.46"
757,"$42,412.43","$39,228.77"
758,"$43,840.29","$39,973.46"
759,"$44,118.45","$40,882.20"
760,"$44,338.80","$41,757.19"
761,"$43,565.11","$42,546.98"
762,"$42,407.94","$43,064.90"
763,"$42,244.47","$43,240.05"
764,"$42,197.52","$43,250.91"
765,"$42,586.92","$43,149.20"
766,"$44,575.20","$43,039.07"
767,"$43,961.86","$43,256.48"
768,"$40,538.01","$43,421.31"
769,"$40,030.98","$43,049.89"
770,"$40,122.16","$42,541.97"
771,"$38,431.38","$42,036.75"
772,"$37,075.28","$41,323.91"
773,"$38,286.03","$40,459.66"
774,"$37,296.57","$39,847.81"
775,"$38,332.61","$39,215.89"
776,"$39,214.22","$38,857.96"
777,"$39,105.15","$38,757.89"
778,"$37,709.79","$38,774.18"
779,"$43,193.23","$38,665.82"
780,"$44,354.64","$39,388.18"
781,"$43,924.12","$40,375.79"
782,"$42,451.79","$41,315.25"
783,"$39,137.61","$41,917.12"
784,"$39,400.59","$41,809.05"
785,"$38,419.98","$41,548.85"
786,"$38,062.04","$41,034.19"
787,"$38,737.27","$40,438.48"
788,"$41,982.93","$39,986.84"
789,"$39,437.46","$40,130.03"
790,"$38,794.97","$39,988.53"
791,"$38,904.01","$39,795.95"
792,"$37,849.66","$39,643.54"
793,"$39,666.75","$39,364.29"
794,"$39,338.79","$39,387.33"
795,"$41,143.93","$39,396.64"
796,"$40,951.38","$39,709.44"
797,"$41,801.16","$40,024.06"
798,"$42,190.65","$40,449.92"
799,"$41,247.82","$40,892.46"
800,"$41,078.00","$41,172.02"
801,"$42,358.81","$41,340.89"
802,"$42,892.96","$41,626.32"
803,"$43,960.93","$41,963.15"
804,"$44,348.73","$42,418.25"
805,"$44,500.83","$42,908.55"
806,"$46,820.49","$43,360.82"
807,"$47,128.00","$44,113.56"
808,"$47,465.73","$44,862.81"
809,"$47,062.66","$45,580.34"
810,"$45,538.68","$46,125.13"
811,"$46,281.64","$46,289.95"
812,"$45,868.95","$46,423.45"
813,"$46,453.57","$46,412.18"
814,"$46,622.68","$46,442.95"
815,"$45,555.99","$46,488.58"
816,"$43,206.74","$46,363.42"
817,"$43,503.85","$45,840.72"
818,"$42,287.66","$45,349.27"
819,"$42,782.14","$44,705.55"
820,"$42,207.67","$44,203.49"
821,"$39,521.90","$43,712.44"
822,"$40,127.18","$42,884.72"
823,"$41,166.73","$42,211.88"
824,"$39,935.52","$41,802.77"
825,"$40,553.46","$41,343.94"
826,"$40,424.48","$41,084.69"
827,"$39,716.95","$40,907.59"
828,"$40,826.21","$40,679.02"
829,"$41,502.75","$40,664.30"
830,"$41,374.38","$40,799.07"
831,"$40,527.36","$40,959.42"
832,"$39,740.32","$41,005.99"
833,"$39,486.73","$40,884.31"
834,"$39,469.29","$40,680.49"
835,"$40,458.31","$40,474.07"
836,"$38,117.46","$40,428.17"
837,"$39,241.12","$40,067.96"
838,"$39,773.83","$39,879.94"
839,"$38,609.82","$39,804.49"
840,"$37,714.88","$39,604.37"
841,"$38,469.09","$39,290.98"
842,"$38,529.33","$39,108.83"
843,"$37,750.45","$38,981.51"
844,"$39,698.37","$38,776.27"
845,"$36,575.14","$38,887.12"
846,"$36,040.92","$38,572.64"
847,"$35,501.95","$38,170.56"
848,"$34,059.27","$37,667.59"
849,"$30,296.95","$36,975.93"
850,"$31,022.91","$35,771.55"
851,"$28,936.36","$34,701.02"
852,"$29,047.75","$33,440.99"
853,"$29,283.10","$32,338.68"
854,"$30,101.27","$31,463.89"
855,"$31,305.11","$30,899.06"
856,"$29,862.92","$30,743.21"
857,"$30,425.86","$30,550.94"
858,"$28,720.27","$30,511.64"
859,"$30,314.33","$30,288.63"
860,"$29,200.74","$30,311.77"
861,"$29,432.23","$30,190.47"
862,"$30,323.72","$30,113.68"
863,"$29,098.91","$30,163.74"
864,"$29,655.59","$30,062.43"
865,"$29,562.36","$30,022.91"
866,"$29,267.22","$29,977.11"
867,"$28,627.57","$29,918.06"
868,"$28,814.90","$29,761.15"
869,"$29,445.96","$29,637.79"
870,"$31,726.39","$29,599.11"
871,"$31,792.31","$29,937.31"
872,"$29,799.08","$30,350.98"
873,"$30,467.49","$30,475.73"
874,"$29,704.39","$30,629.10"
875,"$29,832.91","$30,616.82"
876,"$29,906.66","$30,575.09"
877,"$31,370.67","$30,523.87"
878,"$31,155.48","$30,684.50"
879,"$30,214.36","$30,842.31"
880,"$30,112.00","$30,858.02"
881,"$29,083.80","$30,808.95"
882,"$28,360.81","$30,599.82"
883,"$26,762.65","$30,279.68"
884,"$22,487.39","$29,706.06"
885,"$22,206.79","$28,519.30"
886,"$22,572.84","$27,252.44"
887,"$20,381.65","$26,117.00"
888,"$20,471.48","$24,841.15"
889,"$19,017.64","$23,739.10"
890,"$20,553.27","$22,642.05"
891,"$20,599.54","$21,919.65"
892,"$20,710.60","$21,432.71"
893,"$19,987.03","$21,145.12"
894,"$21,085.88","$20,905.73"
895,"$21,231.66","$20,916.12"
896,"$21,502.34","$21,003.20"
897,"$21,027.29","$21,153.84"
898,"$20,735.48","$21,274.70"
899,"$20,280.63","$21,321.01"
900,"$20,104.02","$21,281.69"
901,"$19,784.73","$21,160.78"
902,"$19,269.37","$20,983.69"
903,"$19,242.26","$20,734.17"
904,"$19,297.08","$20,491.13"
905,"$20,231.26","$20,266.09"
906,"$20,190.12","$20,208.04"
907,"$20,548.25","$20,211.02"
908,"$21,637.59","$20,308.30"
909,"$21,731.12","$20,580.86"
910,"$21,592.21","$20,900.73"
911,"$20,860.45","$21,192.28"
912,"$19,970.56","$21,344.39"
913,"$19,323.91","$21,308.54"
914,"$20,212.07","$21,107.68"
915,"$20,569.92","$20,974.29"
916,"$20,836.33","$20,898.51"
917,"$21,190.32","$20,899.09"
918,"$20,779.34","$20,978.54"
919,"$22,485.69","$21,020.87"
920,"$23,389.43","$21,296.10"
921,"$23,231.73","$21,736.94"
922,"$23,164.63","$22,181.97"
923,"$22,714.98","$22,582.60"
924,"$22,465.48","$22,852.50"
925,"$22,609.16","$22,987.89"
926,"$21,361.70","$23,066.83"
927,"$21,239.75","$22,928.89"
928,"$22,930.55","$22,714.19"
929,"$23,843.89","$22,717.29"
930,"$23,804.63","$22,884.82"
931,"$23,656.21","$23,103.54"
932,"$23,336.90","$23,323.23"
933,"$23,314.20","$23,481.04"
934,"$22,978.12","$23,599.34"
935,"$22,846.51","$23,633.82"
936,"$22,630.96","$23,608.37"
937,"$23,289.31","$23,537.80"
938,"$22,961.28","$23,535.97"
939,"$23,175.89","$23,485.78"
940,"$23,809.49","$23,467.66"
941,"$23,164.32","$23,557.11"
942,"$23,947.64","$23,585.98"
943,"$23,957.53","$23,714.61"
944,"$24,402.82","$23,851.73"
945,"$24,424.07","$24,046.17"
946,"$24,319.33","$24,235.86"
947,"$24,136.97","$24,389.58"
948,"$23,883.29","$24,477.91"
949,"$23,336.00","$24,500.89"
950,"$23,212.74","$24,412.71"
951,"$20,877.55","$24,271.62"
952,"$21,166.06","$23,806.64"
953,"$21,534.12","$23,326.86"
954,"$21,398.91","$22,926.46"
955,"$21,528.09","$22,577.07"
956,"$21,395.02","$22,321.26"
957,"$21,600.90","$22,122.55"
958,"$20,260.02","$22,011.07"
959,"$20,041.74","$21,770.26"
960,"$19,616.81","$21,505.22"
961,"$20,297.99","$21,195.64"
962,"$19,796.81","$21,019.44"
963,"$20,049.76","$20,815.99"
964,"$20,127.14","$20,672.64"
965,"$19,969.77","$20,582.77"
966,"$19,832.09","$20,506.88"
967,"$19,986.71","$20,436.85"
968,"$19,812.37","$20,399.62"
969,"$18,837.67","$20,369.78"
970,"$19,290.32","$20,210.83"
971,"$19,329.83","$20,092.00"
972,"$21,381.15","$19,983.43"
973,"$21,680.54","$20,179.14"
974,"$21,769.26","$20,487.50"
975,"$22,370.45","$20,837.68"
976,"$20,296.71","$21,256.88"
977,"$20,241.09","$21,367.68"
978,"$19,701.21","$21,360.02"
979,"$19,772.58","$21,211.56"
980,"$20,127.58","$21,035.00"
981,"$19,419.51","$20,889.70"
982,"$19,544.13","$20,672.93"
983,"$18,890.79","$20,464.01"
984,"$18,547.40","$20,205.17"
985,"$19,413.55","$19,925.25"
986,"$19,297.64","$19,784.03"
987,"$18,937.01","$19,713.94"
988,"$18,802.10","$19,628.77"
989,"$19,222.67","$19,542.61"
990,"$19,110.55","$19,518.28"
991,"$19,426.72","$19,498.94"
992,"$19,573.05","$19,542.34"
993,"$19,431.79","$19,616.33"
994,"$19,312.10","$19,684.37"
995,"$19,044.11","$19,727.53"
996,"$19,623.58","$19,708.35"
997,"$20,336.84","$19,752.84"
998,"$20,160.72","$19,905.29"
999,"$19,955.44","$20,053.52"
1000,"$19,546.85","$20,159.47"
1001,"$19,416.57","$20,187.80"
1002,"$19,446.43","$20,161.56"
1003,"$19,141.48","$20,116.54"
1004,"$19,051.42","$20,025.95"
1005,"$19,157.45","$19,917.31"
1006,"$19,382.90","$19,827.18"
1007,"$19,185.66","$19,774.78"
1008,"$19,067.63","$19,714.78"
1009,"$19,268.09","$19,657.81"
1010,"$19,550.76","$19,638.93"
1011,"$19,334.42","$19,675.65"
1012,"$19,139.54","$19,698.70"
1013,"$19,053.74","$19,692.40"
1014,"$19,172.47","$19,667.98"
1015,"$19,208.19","$19,651.69"
1016,"$19,567.01","$19,640.06"
1017,"$19,345.57","$19,678.43"
1018,"$20,095.86","$19,703.24"
1019,"$20,770.44","$19,826.21"
1020,"$20,285.84","$20,052.54"
1021,"$20,595.35","$20,226.95"
1022,"$20,818.48","$20,419.84"
1023,"$20,635.60","$20,620.26"
1024,"$20,495.77","$20,771.05"
1025,"$20,485.27","$20,864.35"
1026,"$20,159.50","$20,919.28"
1027,"$20,209.99","$20,899.67"
1028,"$21,147.23","$20,864.20"
1029,"$21,282.69","$20,938.03"
1030,"$20,926.49","$21,052.38"
1031,"$20,602.82","$21,139.09"
1032,"$18,541.27","$21,162.84"
1033,"$15,880.78","$20,881.65"
1034,"$17,586.77","$20,178.90"
1035,"$17,034.29","$19,628.25"
1036,"$16,799.19","$19,074.80"
1037,"$16,353.37","$18,573.31"
1038,"$16,618.20","$18,096.27"
1039,"$16,884.61","$17,723.26"
1040,"$16,669.44","$17,480.90"
1041,"$16,687.52","$17,306.41"
1042,"$16,697.78","$17,198.31"
1043,"$16,711.55","$17,155.91"
1044,"$16,291.83","$17,160.11"
1045,"$15,787.28","$17,089.19"
1046,"$16,189.77","$16,955.03"
1047,"$16,610.71","$16,862.81"
1048,"$16,604.46","$16,845.97"
1049,"$16,521.84","$16,852.73"
1050,"$16,464.28","$16,863.12"
1051,"$16,444.63","$16,874.77"
1052,"$16,217.32","$16,882.53"
1053,"$16,444.98","$16,858.27"
1054,"$17,168.57","$16,855.38"
1055,"$16,967.13","$16,955.71"
1056,"$17,088.66","$17,055.42"
1057,"$16,908.24","$17,159.35"
1058,"$17,130.49","$17,227.23"
1059,"$16,974.83","$17,307.81"
1060,"$17,089.50","$17,359.87"
1061,"$16,848.13","$17,410.78"
1062,"$17,233.47","$17,419.41"
1063,"$17,133.15","$17,463.90"
1064,"$17,128.72","$17,492.81"
1065,"$17,104.19","$17,509.21"
1066,"$17,206.44","$17,523.36"
1067,"$17,781.32","$17,545.64"
1068,"$17,815.65","$17,645.45"
1069,"$17,364.87","$17,760.67"
1070,"$16,647.48","$17,817.82"
1071,"$16,795.09","$17,753.99"
1072,"$16,757.98","$17,673.81"
1073,"$16,439.68","$17,574.37"
1074,"$16,906.30","$17,439.23"
1075,"$16,817.54","$17,368.16"
1076,"$16,830.34","$17,312.93"
1077,"$16,796.95","$17,277.01"
1078,"$16,847.76","$17,246.36"
1079,"$16,841.99","$17,235.74"
1080,"$16,919.80","$17,239.94"
1081,"$16,717.17","$17,264.69"
1082,"$16,552.57","$17,260.12"
1083,"$16,642.34","$17,226.67"
1084,"$16,602.59","$17,199.50"
1085,"$16,547.50","$17,162.02"
1086,"$16,625.08","$17,122.88"
1087,"$16,688.47","$17,097.53"
1088,"$16,679.86","$17,088.68"
1089,"$16,863.24","$17,086.29"
1090,"$16,836.74","$17,112.89"
1091,"$16,951.97","$17,142.98"
1092,"$16,955.08","$17,191.27"
1093,"$17,091.14","$17,240.90"
1094,"$17,196.55","$17,301.54"
1095,"$17,446.29","$17,372.95"
1096,"$17,934.90","$17,472.91"
1097,"$18,869.59","$17,633.76"
1098,"$19,909.57","$17,920.69"
1099,"$20,976.30","$18,358.68"
1100,"$20,880.80","$18,945.53"
1101,"$21,169.63","$19,512.65"
1102,"$21,161.52","$20,053.29"
1103,"$20,688.78","$20,512.30"
1104,"$21,086.79","$20,812.93"
1105,"$22,676.55","$21,063.56"
1106,"$22,777.62","$21,458.31"
1107,"$22,720.42","$21,848.63"
1108,"$22,934.43","$22,185.71"
1109,"$22,636.47","$22,489.62"
1110,"$23,117.86","$22,695.28"
1111,"$23,032.78","$22,913.95"
1112,"$23,078.73","$23,082.44"
1113,"$23,031.09","$23,219.12"
1114,"$23,774.57","$23,318.63"
1115,"$22,840.14","$23,482.86"
1116,"$23,139.28","$23,498.84"
1117,"$23,723.77","$23,524.93"
1118,"$23,471.87","$23,621.26"
1119,"$23,449.32","$23,688.32"
1120,"$23,331.85","$23,745.27"
1121,"$22,955.67","$23,767.13"
1122,"$22,760.11","$23,724.90"
1123,"$23,264.29","$23,636.91"
1124,"$22,939.40","$23,609.01"
1125,"$21,819.04","$23,545.94"
1126,"$21,651.18","$23,344.92"
1127,"$21,870.88","$23,094.46"
1128,"$21,788.20","$22,872.84"
1129,"$21,808.10","$22,678.20"
1130,"$22,220.80","$22,523.43"
1131,"$24,307.84","$22,463.57"
1132,"$23,623.47","$22,736.47"
1133,"$24,565.60","$22,995.73"
1134,"$24,641.28","$23,377.29"
1135,"$24,327.64","$23,768.30"
1136,"$24,829.15","$24,086.84"
1137,"$24,436.35","$24,403.03"
1138,"$24,188.84","$24,605.32"
1139,"$23,947.49","$24,707.61"
1140,"$23,198.13","$24,716.18"
1141,"$23,175.38","$24,571.87"
1142,"$23,561.21","$24,369.24"
1143,"$23,522.87","$24,232.77"
1144,"$23,147.35","$24,112.56"
1145,"$23,646.55","$23,973.76"
1146,"$23,475.47","$23,926.17"
1147,"$22,362.68","$23,883.15"
1148,"$22,353.35","$23,710.24"
1149,"$22,435.51","$23,522.16"
1150,"$22,429.76","$23,352.34"
1151,"$22,219.77","$23,210.44"
1152,"$21,718.08","$23,063.37"
1153,"$20,363.02","$22,864.39"
1154,"$20,187.24","$22,494.09"
1155,"$20,632.41","$22,094.74"
1156,"$22,163.95","$21,774.75"
1157,"$24,197.53","$21,730.20"
1158,"$24,746.07","$22,076.46"
1159,"$24,375.96","$22,602.55"
1160,"$25,052.79","$23,110.30"
1161,"$27,423.93","$23,665.01"
1162,"$26,965.88","$24,493.10"
1163,"$28,038.68","$25,237.23"
1164,"$27,767.24","$26,038.64"
1165,"$28,175.82","$26,690.98"
1166,"$27,307.44","$27,256.79"
1167,"$28,333.97","$27,563.34"
1168,"$27,493.29","$27,874.79"
1169,"$27,494.71","$28,003.98"
1170,"$27,994.33","$28,065.15"
1171,"$27,139.89","$28,140.24"
1172,"$27,268.13","$28,059.87"
1173,"$28,348.44","$27,983.67"
1174,"$28,033.56","$28,050.46"
1175,"$28,478.48","$28,111.91"
1176,"$28,411.04","$28,240.04"
1177,"$28,199.31","$28,372.36"
1178,"$27,790.22","$28,451.54"
1179,"$28,168.09","$28,458.74"
1180,"$28,177.98","$28,487.75"
1181,"$28,044.14","$28,505.44"
1182,"$27,925.86","$28,507.94"
1183,"$27,947.79","$28,481.43"
1184,"$28,333.05","$28,442.19"
1185,"$29,652.98","$28,466.09"
1186,"$30,235.06","$28,689.45"
1187,"$30,139.05","$29,034.30"
1188,"$30,399.07","$29,378.34"
1189,"$30,485.70","$29,730.49"
1190,"$30,318.50","$30,043.56"
1191,"$30,315.36","$30,277.62"
1192,"$29,445.04","$30,450.62"
1193,"$30,397.55","$30,443.25"
1194,"$28,822.68","$30,511.59"
1195,"$28,245.99","$30,336.63"
1196,"$27,276.91","$30,030.11"
1197,"$27,817.50","$29,569.21"
1198,"$27,591.38","$29,195.27"
1199,"$27,525.34","$28,845.87"
1200,"$28,307.60","$28,552.02"
1201,"$28,422.70","$28,436.37"
1202,"$29,473.79","$28,413.97"
1203,"$29,340.26","$28,602.23"
1204,"$29,248.49","$28,809.99"
1205,"$29,268.81","$29,024.66"
1206,"$28,091.57","$29,216.47"
1207,"$28,680.54","$29,205.90"
1208,"$29,006.31","$29,206.39"
1209,"$28,847.71","$29,235.40"
1210,"$29,534.38","$29,240.96"
1211,"$28,904.62","$29,333.58"
1212,"$28,454.98","$29,349.76"
1213,"$27,694.27","$29,280.71"
1214,"$27,658.78","$29,089.50"
1215,"$27,621.76","$28,876.09"
1216,"$27,000.79","$28,664.78"
1217,"$26,804.99","$28,398.45"
1218,"$26,784.08","$28,113.11"
1219,"$26,930.64","$27,853.05"
1220,"$27,192.69","$27,659.81"
1221,"$27,036.65","$27,548.95"
1222,"$27,398.80","$27,474.74"
1223,"$26,832.21","$27,486.02"
1224,"$26,890.13","$27,449.28"
1225,"$27,129.59","$27,416.45"
1226,"$26,753.83","$27,418.55"
1227,"$26,851.28","$27,381.22"
1228,"$27,225.73","$27,352.06"
1229,"$26,334.82","$27,376.35"
1230,"$26,476.21","$27,284.71"
1231,"$26,719.29","$27,196.37"
1232,"$26,868.35","$27,147.66"
1233,"$28,085.65","$27,133.65"
1234,"$27,745.88","$27,316.14"
1235,"$27,702.35","$27,485.17"
1236,"$27,219.66","$27,640.61"
1237,"$26,819.97","$27,708.76"
1238,"$27,249.59","$27,679.71"
1239,"$27,075.13","$27,673.39"
1240,"$27,119.07","$27,646.01"
1241,"$25,760.10","$27,615.50"
1242,"$27,238.78","$27,389.94"
1243,"$26,346.00","$27,347.77"
1244,"$26,508.22","$27,209.94"
1245,"$26,480.38","$27,114.17"
1246,"$25,851.24","$27,034.80"
1247,"$25,940.17","$26,889.17"
1248,"$25,902.50","$26,759.16"
1249,"$25,918.73","$26,632.87"
1250,"$25,124.68","$26,531.74"
1251,"$25,576.39","$26,340.62"
1252,"$26,327.46","$26,226.88"
1253,"$26,510.68","$26,227.87"
1254,"$26,336.21","$26,311.39"
1255,"$26,851.03","$26,393.65"
1256,"$28,327.49","$26,549.12"
1257,"$30,027.30","$26,921.40"
1258,"$29,912.28","$27,552.71"
1259,"$30,695.47","$28,182.78"
1260,"$30,548.70","$28,868.62"
1261,"$30,480.26","$29,463.37"
1262,"$30,271.13","$29,931.38"
1263,"$30,688.16","$30,248.43"
1264,"$30,086.25","$30,521.84"
1265,"$30,445.35","$30,636.85"
1266,"$30,477.25","$30,726.18"
1267,"$30,590.08","$30,771.00"
1268,"$30,620.77","$30,803.98"
1269,"$31,156.44","$30,842.36"
1270,"$30,777.58","$30,950.26"
1271,"$30,514.17","$31,014.27"
1272,"$29,909.34","$31,027.32"
1273,"$30,342.27","$30,933.40"
1274,"$30,292.54","$30,874.21"
1275,"$30,171.23","$30,818.92"
1276,"$30,414.47","$30,750.40"
1277,"$30,620.95","$30,725.39"
1278,"$30,391.65","$30,745.35"
1279,"$31,476.05","$30,747.59"
1280,"$30,334.07","$30,905.51"
1281,"$30,295.81","$30,924.72"
1282,"$30,249.13","$30,914.03"
1283,"$30,145.89","$30,879.26"
1284,"$29,856.56","$30,813.11"
1285,"$29,913.92","$30,703.06"
1286,"$29,792.02","$30,601.51"
1287,"$29,908.74","$30,491.05"
1288,"$29,771.80","$30,410.83"
1289,"$30,084.54","$30,333.88"
1290,"$29,176.92","$30,309.41"
1291,"$29,227.39","$30,188.63"
1292,"$29,354.97","$30,066.41"
1293,"$29,210.69","$29,968.46"
1294,"$29,319.25","$29,868.55"
1295,"$29,356.92","$29,802.08"
1296,"$29,275.31","$29,758.38"
1297,"$29,230.11","$29,720.54"
1298,"$29,675.73","$29,685.41"
1299,"$29,151.96","$29,723.67"
1300,"$29,178.68","$29,699.92"
1301,"$29,074.09","$29,682.58"
1302,"$29,042.13","$29,643.34"
1303,"$29,041.86","$29,595.69"
1304,"$29,180.58","$29,551.50"
1305,"$29,765.49","$29,531.73"
1306,"$29,561.49","$29,606.78"
1307,"$29,429.59","$29,673.27"
1308,"$29,397.71","$29,720.05"
1309,"$29,415.96","$29,747.51"
1310,"$29,282.91","$29,772.60"
1311,"$29,408.44","$29,768.51"
1312,"$29,170.35","$29,773.60"
1313,"$28,701.78","$29,741.93"
1314,"$26,664.55","$29,636.15"
1315,"$26,049.56","$29,225.32"
1316,"$26,096.21","$28,684.78"
1317,"$26,189.58","$28,160.16"
1318,"$26,124.14","$27,707.30"
1319,"$26,031.66","$27,328.33"
1320,"$26,431.64","$27,020.53"
1321,"$26,162.37","$26,846.72"
1322,"$26,047.67","$26,709.37"
1323,"$26,008.46","$26,607.12"
1324,"$26,089.69","$26,535.33"
1325,"$26,106.15","$26,512.69"
1326,"$27,727.39","$26,504.28"
1327,"$27,297.27","$26,727.41"
1328,"$25,931.47","$26,928.94"
1329,"$25,800.72","$26,929.14"
1330,"$25,868.80","$26,853.19"
1331,"$25,969.57","$26,747.98"
1332,"$25,812.42","$26,654.21"
1333,"$25,779.98","$26,548.86"
1334,"$25,753.24","$26,449.59"
1335,"$26,240.20","$26,360.06"
1336,"$25,905.65","$26,355.71"
1337,"$25,895.68","$26,319.82"
1338,"$25,832.23","$26,303.51"
1339,"$25,162.65","$26,296.88"
1340,"$25,833.34","$26,192.47"
1341,"$26,228.32","$26,164.16"
1342,"$26,539.67","$26,206.77"
1343,"$26,608.69","$26,317.42"
1344,"$26,568.28","$26,451.95"
1345,"$26,534.19","$26,578.29"
1346,"$26,754.28","$26,679.73"
1347,"$27,211.12","$26,796.25"
1348,"$27,132.01","$26,961.22"
1349,"$26,567.63","$27,106.97"
1350,"$26,579.57","$27,156.02"
1351,"$26,579.39","$27,158.75"
1352,"$26,256.83","$27,135.59"
1353,"$26,298.48","$27,055.94"
1354,"$26,217.25","$26,974.83"
1355,"$26,352.72","$26,887.79"
1356,"$27,021.55","$26,829.21"
1357,"$26,911.72","$26,879.45"
1358,"$26,967.92","$26,941.24"
1359,"$27,983.75","$27,023.42"
1360,"$27,530.79","$27,253.58"
1361,"$27,429.98","$27,430.38"
1362,"$27,799.39","$27,567.43"
1363,"$27,415.91","$27,725.13"
1364,"$27,946.60","$27,803.42"
1365,"$27,968.84","$27,923.29"
1366,"$27,935.09","$28,030.75"
1367,"$27,583.68","$28,112.38"
1368,"$27,391.02","$28,129.20"
1369,"$26,873.32","$28,093.71"
1370,"$26,756.80","$27,958.29"
1371,"$26,862.38","$27,798.92"
1372,"$26,861.71","$27,657.24"
1373,"$27,159.65","$27,531.56"
1374,"$28,519.47","$27,477.38"
1375,"$28,415.75","$27,642.44"
1376,"$28,328.34","$27,847.18"
1377,"$28,719.81","$28,050.77"
1378,"$29,682.95","$28,293.90"
1379,"$29,918.41","$28,652.71"
1380,"$29,993.90","$29,034.56"
1381,"$33,086.23","$29,389.23"
1382,"$33,901.53","$30,134.29"
1383,"$34,502.82","$31,003.47"
1384,"$34,156.65","$31,911.62"
1385,"$33,909.80","$32,661.15"
1386,"$34,089.57","$33,235.48"
1387,"$34,538.48","$33,685.36"
1388,"$34,502.36","$34,069.97"
1389,"$34,667.78","$34,346.97"
1390,"$35,437.25","$34,568.84"
1391,"$34,938.24","$34,843.49"
1392,"$34,732.32","$34,987.13"
1393,"$35,082.20","$35,060.65"
1394,"$35,049.36","$35,150.00"
1395,"$35,037.37","$35,222.56"
1396,"$35,443.56","$35,278.09"
1397,"$35,655.28","$35,376.04"
1398,"$36,693.12","$35,497.31"
1399,"$37,313.97","$35,769.83"
1400,"$37,138.05","$36,139.03"
1401,"$37,054.52","$36,466.70"
1402,"$36,502.36","$36,744.25"
1403,"$35,537.64","$36,880.34"
1404,"$37,880.58","$36,800.53"
1405,"$36,154.77","$37,012.14"
1406,"$36,596.68","$36,977.67"
1407,"$36,585.70","$36,974.36"
1408,"$37,386.55","$36,957.03"
1409,"$37,476.96","$37,053.39"
1410,"$35,813.81","$37,180.36"
1411,"$37,432.34","$37,064.60"
1412,"$37,289.62","$37,155.57"
1413,"$37,720.28","$37,241.30"
1414,"$37,796.79","$37,397.28"
1415,"$37,479.12","$37,542.77"
1416,"$37,254.17","$37,645.62"
1417,"$37,831.09","$37,679.50"
1418,"$37,858.49","$37,772.26"
1419,"$37,712.75","$37,856.21"
1420,"$38,688.75","$37,911.64"
1421,"$39,476.33","$38,111.45"
1422,"$39,978.39","$38,416.03"
1423,"$41,980.10","$38,800.72"
1424,"$44,080.65","$39,469.29"
1425,"$43,746.45","$40,447.52"
1426,"$43,292.66","$41,340.98"
1427,"$44,166.60","$42,044.84"
1428,"$43,725.98","$42,718.64"
1429,"$43,779.70","$43,185.23"
1430,"$41,243.83","$43,523.39"
1431,"$41,450.22","$43,343.50"
1432,"$42,890.74","$43,075.50"
1433,"$43,023.97","$42,988.52"
1434,"$41,929.76","$42,946.46"
1435,"$42,240.12","$42,769.21"
1436,"$41,364.66","$42,663.53"
1437,"$42,623.54","$42,448.45"
1438,"$42,270.53","$42,435.92"
1439,"$43,652.25","$42,415.42"
1440,"$43,869.15","$42,632.30"
1441,"$43,997.90","$42,924.88"
1442,"$43,739.54","$43,223.87"
1443,"$43,016.12","$43,441.29"
1444,"$43,613.14","$43,501.18"
1445,"$42,520.40","$43,606.03"
1446,"$43,442.86","$43,505.45"
1447,"$42,627.86","$43,518.26"
1448,"$42,099.40","$43,393.57"
1449,"$42,156.90","$43,186.15"
1450,"$42,265.19","$42,980.39"
